School Year,LEA Code,LEA Name,School Code,School Name,% Chronically Absent (K-12),% Chronically Truant (Compulsory Age)
2024-25,001,District of Columbia Public Schools,1058,Bard High School Early College DC (Bard DC),63.7%,46.8%
2023-24,001,District of Columbia Public Schools,1058,Bard High School Early College DC (Bard DC),53.4%,46.5%
2024-25,001,District of Columbia Public Schools,1071,Ida B. Wells Middle School,37.0%,21.2%
2023-24,001,District of Columbia Public Schools,1071,Ida B. Wells Middle School,31.6%,18.8%
2024-25,001,District of Columbia Public Schools,1294,MacArthur High School,49.6%,36.6%
2023-24,001,District of Columbia Public Schools,1294,MacArthur High School,39.9%,26.5%
2024-25,001,District of Columbia Public Schools,175,School-Within-School @ Goding,11.8%,1.2%
2023-24,001,District of Columbia Public Schools,175,School-Within-School @ Goding,5.8%,<1%
2024-25,001,District of Columbia Public Schools,202,Lorraine H. Whitlock Elementary School,42.9%,19.9%
2023-24,001,District of Columbia Public Schools,202,Lorraine H. Whitlock Elementary School,34.1%,21.3%
2024-25,001,District of Columbia Public Schools,203,Amidon-Bowen Elementary School,36.2%,6.2%
2023-24,001,District of Columbia Public Schools,203,Amidon-Bowen Elementary School,29.7%,6.8%
2024-25,001,District of Columbia Public Schools,204,Bancroft Elementary School,16.5%,3.1%
2023-24,001,District of Columbia Public Schools,204,Bancroft Elementary School,12.2%,4.3%
2024-25,001,District of Columbia Public Schools,205,Barnard Elementary School,29.8%,4.9%
2023-24,001,District of Columbia Public Schools,205,Barnard Elementary School,22.5%,4.4%
2024-25,001,District of Columbia Public Schools,206,Beers Elementary School,42.8%,10.1%
2023-24,001,District of Columbia Public Schools,206,Beers Elementary School,41.6%,28.5%
2024-25,001,District of Columbia Public Schools,212,Brent Elementary School,10.7%,1.6%
2023-24,001,District of Columbia Public Schools,212,Brent Elementary School,5.8%,1.1%
2024-25,001,District of Columbia Public Schools,213,Brightwood Elementary School,32.7%,12.7%
2023-24,001,District of Columbia Public Schools,213,Brightwood Elementary School,25.8%,10.0%
2024-25,001,District of Columbia Public Schools,219,Bunker Hill Elementary School,21.5%,10.7%
2023-24,001,District of Columbia Public Schools,219,Bunker Hill Elementary School,27.4%,16.8%
2024-25,001,District of Columbia Public Schools,220,Burroughs Elementary School,26.1%,9.7%
2023-24,001,District of Columbia Public Schools,220,Burroughs Elementary School,26.5%,8.5%
2024-25,001,District of Columbia Public Schools,221,Burrville Elementary School,54.4%,10.2%
2023-24,001,District of Columbia Public Schools,221,Burrville Elementary School,45.3%,21.3%
2024-25,001,District of Columbia Public Schools,224,Cleveland Elementary School,28.8%,10.9%
2023-24,001,District of Columbia Public Schools,224,Cleveland Elementary School,29.1%,15.3%
2024-25,001,District of Columbia Public Schools,227,H.D. Cooke Elementary School,30.0%,3.0%
2023-24,001,District of Columbia Public Schools,227,H.D. Cooke Elementary School,29.8%,10.6%
2024-25,001,District of Columbia Public Schools,231,Drew Elementary School,42.5%,5.3%
2023-24,001,District of Columbia Public Schools,231,Drew Elementary School,40.3%,6.1%
2024-25,001,District of Columbia Public Schools,232,Eaton Elementary School,13.6%,3.8%
2023-24,001,District of Columbia Public Schools,232,Eaton Elementary School,11.4%,3.6%
2024-25,001,District of Columbia Public Schools,238,Garfield Elementary School,37.6%,15.0%
2023-24,001,District of Columbia Public Schools,238,Garfield Elementary School,52.4%,12.6%
2024-25,001,District of Columbia Public Schools,239,Garrison Elementary School,22.0%,3.2%
2023-24,001,District of Columbia Public Schools,239,Garrison Elementary School,14.7%,3.5%
2024-25,001,District of Columbia Public Schools,246,Hardy Middle School,22.2%,6.1%
2023-24,001,District of Columbia Public Schools,246,Hardy Middle School,17.0%,5.1%
2024-25,001,District of Columbia Public Schools,247,C.W. Harris Elementary School,43.0%,12.7%
2023-24,001,District of Columbia Public Schools,247,C.W. Harris Elementary School,33.3%,9.5%
2024-25,001,District of Columbia Public Schools,249,Hendley Elementary School,47.6%,10.9%
2023-24,001,District of Columbia Public Schools,249,Hendley Elementary School,54.9%,14.0%
2024-25,001,District of Columbia Public Schools,251,Houston Elementary School,38.9%,24.6%
2023-24,001,District of Columbia Public Schools,251,Houston Elementary School,33.9%,23.3%
2024-25,001,District of Columbia Public Schools,252,Hyde-Addison Elementary School,13.2%,2.8%
2023-24,001,District of Columbia Public Schools,252,Hyde-Addison Elementary School,8.0%,2.5%
2024-25,001,District of Columbia Public Schools,254,Janney Elementary School,8.6%,<1%
2023-24,001,District of Columbia Public Schools,254,Janney Elementary School,7.6%,1.3%
2024-25,001,District of Columbia Public Schools,257,Ketcham Elementary School,53.2%,13.6%
2023-24,001,District of Columbia Public Schools,257,Ketcham Elementary School,42.0%,12.1%
2024-25,001,District of Columbia Public Schools,258,Hearst Elementary School,14.9%,1.9%
2023-24,001,District of Columbia Public Schools,258,Hearst Elementary School,14.4%,4.9%
2024-25,001,District of Columbia Public Schools,259,Kimball Elementary School,46.3%,27.7%
2023-24,001,District of Columbia Public Schools,259,Kimball Elementary School,43.2%,39.4%
2024-25,001,District of Columbia Public Schools,261,Lafayette Elementary School,8.1%,1.4%
2023-24,001,District of Columbia Public Schools,261,Lafayette Elementary School,5.7%,<1%
2024-25,001,District of Columbia Public Schools,262,Langdon Elementary School,38.8%,11.3%
2023-24,001,District of Columbia Public Schools,262,Langdon Elementary School,40.6%,21.6%
2024-25,001,District of Columbia Public Schools,264,LaSalle-Backus Elementary School,28.4%,8.1%
2023-24,001,District of Columbia Public Schools,264,LaSalle-Backus Elementary School,22.0%,9.1%
2024-25,001,District of Columbia Public Schools,266,Leckie Education Campus,44.4%,<1%
2023-24,001,District of Columbia Public Schools,266,Leckie Education Campus,43.4%,16.6%
2024-25,001,District of Columbia Public Schools,271,Ludlow-Taylor Elementary School,13.9%,2.0%
2023-24,001,District of Columbia Public Schools,271,Ludlow-Taylor Elementary School,9.2%,2.1%
2024-25,001,District of Columbia Public Schools,272,Key Elementary School,10.6%,<1%
2023-24,001,District of Columbia Public Schools,272,Key Elementary School,6.7%,1.7%
2024-25,001,District of Columbia Public Schools,273,Mann Elementary School,6.4%,2.5%
2023-24,001,District of Columbia Public Schools,273,Mann Elementary School,7.3%,<1%
2024-25,001,District of Columbia Public Schools,274,Maury Elementary School,11.5%,2.9%
2023-24,001,District of Columbia Public Schools,274,Maury Elementary School,7.9%,2.5%
2024-25,001,District of Columbia Public Schools,280,Miner Elementary School,49.1%,35.6%
2023-24,001,District of Columbia Public Schools,280,Miner Elementary School,39.8%,16.8%
2024-25,001,District of Columbia Public Schools,284,Marie Reed Elementary School,27.1%,7.6%
2023-24,001,District of Columbia Public Schools,284,Marie Reed Elementary School,22.4%,8.1%
2024-25,001,District of Columbia Public Schools,285,Moten Elementary School,58.3%,33.5%
2023-24,001,District of Columbia Public Schools,285,Moten Elementary School,57.0%,43.2%
2024-25,001,District of Columbia Public Schools,287,Murch Elementary School,12.1%,3.6%
2023-24,001,District of Columbia Public Schools,287,Murch Elementary School,9.9%,2.3%
2024-25,001,District of Columbia Public Schools,288,Nalle Elementary School,50.8%,24.3%
2023-24,001,District of Columbia Public Schools,288,Nalle Elementary School,43.4%,28.8%
2024-25,001,District of Columbia Public Schools,290,Noyes Elementary School,39.1%,15.0%
2023-24,001,District of Columbia Public Schools,290,Noyes Elementary School,43.4%,27.0%
2024-25,001,District of Columbia Public Schools,291,Lawrence E. Boone Elementary School,59.6%,41.8%
2023-24,001,District of Columbia Public Schools,291,Lawrence E. Boone Elementary School,51.3%,30.1%
2024-25,001,District of Columbia Public Schools,292,Oyster-Adams Bilingual School,8.3%,<1%
2023-24,001,District of Columbia Public Schools,292,Oyster-Adams Bilingual School,6.1%,1.3%
2024-25,001,District of Columbia Public Schools,294,Patterson Elementary School,50.5%,5.0%
2023-24,001,District of Columbia Public Schools,294,Patterson Elementary School,49.1%,12.6%
2024-25,001,District of Columbia Public Schools,295,Payne Elementary School,20.1%,1.6%
2023-24,001,District of Columbia Public Schools,295,Payne Elementary School,21.3%,4.2%
2024-25,001,District of Columbia Public Schools,296,Bruce-Monroe Elementary School @ Park View,17.6%,3.9%
2023-24,001,District of Columbia Public Schools,296,Bruce-Monroe Elementary School @ Park View,13.1%,3.9%
2024-25,001,District of Columbia Public Schools,299,Plummer Elementary School,59.4%,42.6%
2023-24,001,District of Columbia Public Schools,299,Plummer Elementary School,52.6%,45.4%
2024-25,001,District of Columbia Public Schools,300,Powell Elementary School,14.3%,5.4%
2023-24,001,District of Columbia Public Schools,300,Powell Elementary School,16.1%,6.9%
2024-25,001,District of Columbia Public Schools,301,Peabody Elementary School (Capitol Hill Cluster),9.7%,<5%
2023-24,001,District of Columbia Public Schools,301,Peabody Elementary School (Capitol Hill Cluster),15.6%,<5%
2024-25,001,District of Columbia Public Schools,302,Raymond Elementary School,37.2%,20.1%
2023-24,001,District of Columbia Public Schools,302,Raymond Elementary School,33.3%,16.6%
2024-25,001,District of Columbia Public Schools,304,River Terrace Education Campus,46.5%,43.5%
2023-24,001,District of Columbia Public Schools,304,River Terrace Education Campus,43.1%,41.9%
2024-25,001,District of Columbia Public Schools,305,Ross Elementary School,9.4%,1.3%
2023-24,001,District of Columbia Public Schools,305,Ross Elementary School,6.7%,1.2%
2024-25,001,District of Columbia Public Schools,307,Savoy Elementary School,58.3%,39.8%
2023-24,001,District of Columbia Public Schools,307,Savoy Elementary School,62.5%,48.8%
2024-25,001,District of Columbia Public Schools,308,Malcolm X Elementary School @ Green,60.0%,17.9%
2023-24,001,District of Columbia Public Schools,308,Malcolm X Elementary School @ Green,40.6%,11.2%
2024-25,001,District of Columbia Public Schools,309,Seaton Elementary School,22.1%,6.9%
2023-24,001,District of Columbia Public Schools,309,Seaton Elementary School,15.7%,3.2%
2024-25,001,District of Columbia Public Schools,313,Shepherd Elementary School,9.0%,1.2%
2023-24,001,District of Columbia Public Schools,313,Shepherd Elementary School,6.6%,<1%
2024-25,001,District of Columbia Public Schools,315,Simon Elementary School,47.4%,31.8%
2023-24,001,District of Columbia Public Schools,315,Simon Elementary School,40.4%,20.4%
2024-25,001,District of Columbia Public Schools,316,Randle Highlands Elementary School,39.1%,25.9%
2023-24,001,District of Columbia Public Schools,316,Randle Highlands Elementary School,28.2%,5.5%
2024-25,001,District of Columbia Public Schools,318,Excel Academy,44.7%,29.8%
2023-24,001,District of Columbia Public Schools,318,Excel Academy,52.2%,29.4%
2024-25,001,District of Columbia Public Schools,319,Stanton Elementary School,50.2%,15.8%
2023-24,001,District of Columbia Public Schools,319,Stanton Elementary School,51.4%,21.7%
2024-25,001,District of Columbia Public Schools,321,Stoddert Elementary School,12.5%,1.4%
2023-24,001,District of Columbia Public Schools,321,Stoddert Elementary School,13.5%,2.1%
2024-25,001,District of Columbia Public Schools,322,Smothers Elementary School,41.2%,33.5%
2023-24,001,District of Columbia Public Schools,322,Smothers Elementary School,38.2%,26.2%
2024-25,001,District of Columbia Public Schools,324,Takoma Elementary School,27.0%,10.6%
2023-24,001,District of Columbia Public Schools,324,Takoma Elementary School,23.4%,11.5%
2024-25,001,District of Columbia Public Schools,325,Thomas Elementary School,50.3%,24.4%
2023-24,001,District of Columbia Public Schools,325,Thomas Elementary School,46.6%,19.4%
2024-25,001,District of Columbia Public Schools,326,Thomson Elementary School,24.9%,9.6%
2023-24,001,District of Columbia Public Schools,326,Thomson Elementary School,21.1%,5.7%
2024-25,001,District of Columbia Public Schools,327,Truesdell Elementary School,40.4%,11.8%
2023-24,001,District of Columbia Public Schools,327,Truesdell Elementary School,34.3%,9.4%
2024-25,001,District of Columbia Public Schools,328,Tubman Elementary School,33.3%,19.5%
2023-24,001,District of Columbia Public Schools,328,Tubman Elementary School,17.8%,4.3%
2024-25,001,District of Columbia Public Schools,329,Turner Elementary School,51.6%,42.1%
2023-24,001,District of Columbia Public Schools,329,Turner Elementary School,45.7%,23.9%
2024-25,001,District of Columbia Public Schools,330,Tyler Elementary School,24.9%,2.4%
2023-24,001,District of Columbia Public Schools,330,Tyler Elementary School,21.4%,2.1%
2024-25,001,District of Columbia Public Schools,331,Van Ness Elementary School,37.7%,5.0%
2023-24,001,District of Columbia Public Schools,331,Van Ness Elementary School,30.7%,14.7%
2024-25,001,District of Columbia Public Schools,332,Walker-Jones Education Campus,49.1%,31.6%
2023-24,001,District of Columbia Public Schools,332,Walker-Jones Education Campus,45.9%,23.5%
2024-25,001,District of Columbia Public Schools,333,Watkins Elementary School (Capitol Hill Cluster),19.5%,3.3%
2023-24,001,District of Columbia Public Schools,333,Watkins Elementary School (Capitol Hill Cluster),12.1%,2.0%
2024-25,001,District of Columbia Public Schools,335,Wheatley Education Campus,44.4%,24.3%
2023-24,001,District of Columbia Public Schools,335,Wheatley Education Campus,42.5%,32.8%
2024-25,001,District of Columbia Public Schools,336,John Lewis Elementary School,28.0%,10.9%
2023-24,001,District of Columbia Public Schools,336,John Lewis Elementary School,27.6%,14.8%
2024-25,001,District of Columbia Public Schools,338,Whittier Elementary School,22.2%,7.2%
2023-24,001,District of Columbia Public Schools,338,Whittier Elementary School,22.7%,5.0%
2024-25,001,District of Columbia Public Schools,339,J.O. Wilson Elementary School,33.6%,4.8%
2023-24,001,District of Columbia Public Schools,339,J.O. Wilson Elementary School,15.8%,2.2%
2024-25,001,District of Columbia Public Schools,344,King Elementary School,53.2%,45.1%
2023-24,001,District of Columbia Public Schools,344,King Elementary School,45.3%,38.5%
2024-25,001,District of Columbia Public Schools,347,Brookland Middle School,42.1%,3.7%
2023-24,001,District of Columbia Public Schools,347,Brookland Middle School,36.5%,1.7%
2024-25,001,District of Columbia Public Schools,349,Dorothy I. Height Elementary School,38.7%,14.9%
2023-24,001,District of Columbia Public Schools,349,Dorothy I. Height Elementary School,33.8%,11.0%
2024-25,001,District of Columbia Public Schools,360,Capitol Hill Montessori School @ Logan,7.6%,2.1%
2023-24,001,District of Columbia Public Schools,360,Capitol Hill Montessori School @ Logan,15.3%,4.2%
2024-25,001,District of Columbia Public Schools,370,Langley Elementary School,36.8%,23.4%
2023-24,001,District of Columbia Public Schools,370,Langley Elementary School,38.8%,28.3%
2024-25,001,District of Columbia Public Schools,402,Benjamin Banneker High School,14.2%,1.3%
2023-24,001,District of Columbia Public Schools,402,Benjamin Banneker High School,10.9%,1.0%
2024-25,001,District of Columbia Public Schools,404,Browne Education Campus,40.4%,9.7%
2023-24,001,District of Columbia Public Schools,404,Browne Education Campus,40.0%,12.7%
2024-25,001,District of Columbia Public Schools,405,Deal Middle School,14.9%,3.6%
2023-24,001,District of Columbia Public Schools,405,Deal Middle School,12.5%,3.5%
2024-25,001,District of Columbia Public Schools,407,Eliot-Hine Middle School,34.1%,27.4%
2023-24,001,District of Columbia Public Schools,407,Eliot-Hine Middle School,33.1%,26.7%
2024-25,001,District of Columbia Public Schools,409,School Without Walls @ Francis-Stevens,24.8%,5.5%
2023-24,001,District of Columbia Public Schools,409,School Without Walls @ Francis-Stevens,21.4%,8.9%
2024-25,001,District of Columbia Public Schools,413,Hart Middle School,44.8%,27.4%
2023-24,001,District of Columbia Public Schools,413,Hart Middle School,41.4%,23.7%
2024-25,001,District of Columbia Public Schools,416,Johnson Middle School,47.0%,15.5%
2023-24,001,District of Columbia Public Schools,416,Johnson Middle School,33.5%,12.8%
2024-25,001,District of Columbia Public Schools,417,Kramer Middle School,59.2%,51.2%
2023-24,001,District of Columbia Public Schools,417,Kramer Middle School,51.5%,41.9%
2024-25,001,District of Columbia Public Schools,420,MacFarland Middle School,42.7%,34.9%
2023-24,001,District of Columbia Public Schools,420,MacFarland Middle School,36.5%,30.1%
2024-25,001,District of Columbia Public Schools,421,Kelly Miller Middle School,43.1%,28.9%
2023-24,001,District of Columbia Public Schools,421,Kelly Miller Middle School,49.4%,40.9%
2024-25,001,District of Columbia Public Schools,427,Sousa Middle School,45.1%,35.3%
2023-24,001,District of Columbia Public Schools,427,Sousa Middle School,43.9%,29.7%
2024-25,001,District of Columbia Public Schools,428,Stuart-Hobson Middle School (Capitol Hill Cluster),21.3%,10.0%
2023-24,001,District of Columbia Public Schools,428,Stuart-Hobson Middle School (Capitol Hill Cluster),22.2%,10.5%
2024-25,001,District of Columbia Public Schools,433,Jefferson Middle School Academy,39.7%,28.3%
2023-24,001,District of Columbia Public Schools,433,Jefferson Middle School Academy,36.0%,27.5%
2024-25,001,District of Columbia Public Schools,435,McKinley Middle School,48.7%,37.5%
2023-24,001,District of Columbia Public Schools,435,McKinley Middle School,31.9%,24.1%
2024-25,001,District of Columbia Public Schools,436,Ron Brown College Preparatory High School,56.5%,33.7%
2023-24,001,District of Columbia Public Schools,436,Ron Brown College Preparatory High School,53.8%,33.7%
2024-25,001,District of Columbia Public Schools,442,Columbia Heights Education Campus,48.1%,35.3%
2023-24,001,District of Columbia Public Schools,442,Columbia Heights Education Campus,40.4%,25.4%
2024-25,001,District of Columbia Public Schools,450,Anacostia High School,76.8%,57.5%
2023-24,001,District of Columbia Public Schools,450,Anacostia High School,75.3%,59.2%
2024-25,001,District of Columbia Public Schools,452,Ballou High School,78.7%,67.5%
2023-24,001,District of Columbia Public Schools,452,Ballou High School,77.2%,64.8%
2024-25,001,District of Columbia Public Schools,454,Cardozo Education Campus,63.3%,51.6%
2023-24,001,District of Columbia Public Schools,454,Cardozo Education Campus,53.5%,44.3%
2024-25,001,District of Columbia Public Schools,455,Coolidge High School,63.1%,44.4%
2023-24,001,District of Columbia Public Schools,455,Coolidge High School,62.8%,50.6%
2024-25,001,District of Columbia Public Schools,456,Roosevelt STAY High School,97.9%,83.7%
2023-24,001,District of Columbia Public Schools,456,Roosevelt STAY High School,95.2%,80.3%
2024-25,001,District of Columbia Public Schools,457,Eastern High School,70.0%,55.1%
2023-24,001,District of Columbia Public Schools,457,Eastern High School,69.1%,56.4%
2024-25,001,District of Columbia Public Schools,458,McKinley Technology High School,34.3%,15.0%
2023-24,001,District of Columbia Public Schools,458,McKinley Technology High School,25.4%,9.8%
2024-25,001,District of Columbia Public Schools,459,Roosevelt High School,66.8%,53.9%
2023-24,001,District of Columbia Public Schools,459,Roosevelt High School,65.4%,56.8%
2024-25,001,District of Columbia Public Schools,462,Ballou STAY High School,98.1%,89.7%
2023-24,001,District of Columbia Public Schools,462,Ballou STAY High School,96.7%,77.9%
2024-25,001,District of Columbia Public Schools,463,Jackson-Reed High School,33.1%,14.1%
2023-24,001,District of Columbia Public Schools,463,Jackson-Reed High School,31.9%,17.8%
2024-25,001,District of Columbia Public Schools,464,H.D. Woodson High School,69.0%,57.1%
2023-24,001,District of Columbia Public Schools,464,H.D. Woodson High School,61.6%,55.4%
2024-25,001,District of Columbia Public Schools,466,School Without Walls High School,10.7%,<1%
2023-24,001,District of Columbia Public Schools,466,School Without Walls High School,10.5%,<1%
2024-25,001,District of Columbia Public Schools,467,Dunbar High School,80.8%,64.1%
2023-24,001,District of Columbia Public Schools,467,Dunbar High School,82.3%,65.8%
2024-25,001,District of Columbia Public Schools,471,Duke Ellington School of the Arts,34.3%,9.1%
2023-24,001,District of Columbia Public Schools,471,Duke Ellington School of the Arts,27.7%,9.4%
2024-25,001,District of Columbia Public Schools,478,"Phelps Architecture, Construction and Engineering High School",52.8%,38.5%
2023-24,001,District of Columbia Public Schools,478,"Phelps Architecture, Construction and Engineering High School",45.5%,35.3%
2024-25,001,District of Columbia Public Schools,884,Luke C. Moore High School,98.4%,85.4%
2023-24,001,District of Columbia Public Schools,884,Luke C. Moore High School,98.7%,81.7%
2024-25,107,Bridges PCS,142,Bridges PCS,41.3%,22.9%
2023-24,107,Bridges PCS,142,Bridges PCS,39.2%,23.9%
2024-25,108,Capital City PCS,1207,Capital City PCS - High School,41.1%,25.1%
2023-24,108,Capital City PCS,1207,Capital City PCS - High School,42.3%,26.4%
2024-25,108,Capital City PCS,182,Capital City PCS - Middle School,28.2%,11.0%
2023-24,108,Capital City PCS,182,Capital City PCS - Middle School,25.6%,1.8%
2024-25,108,Capital City PCS,184,Capital City PCS - Lower School,37.6%,6.1%
2023-24,108,Capital City PCS,184,Capital City PCS - Lower School,27.2%,2.4%
2024-25,109,Cesar Chavez PCS for Public Policy,109,Cesar Chavez Public Charter Schools for Public Policy,60.4%,43.7%
2023-24,109,Cesar Chavez PCS for Public Policy,109,Cesar Chavez Public Charter Schools for Public Policy,56.4%,41.7%
2024-25,114,DC Bilingual PCS,199,DC Bilingual PCS,24.2%,11.3%
2023-24,114,DC Bilingual PCS,199,DC Bilingual PCS,19.0%,2.6%
2024-25,115,DC Prep PCS,1110,DC Prep PCS - Benning Elementary School,34.6%,30.6%
2023-24,115,DC Prep PCS,1110,DC Prep PCS - Benning Elementary School,33.7%,26.2%
2024-25,115,DC Prep PCS,1151,DC Prep PCS - Anacostia Middle School,31.3%,32.4%
2023-24,115,DC Prep PCS,1151,DC Prep PCS - Anacostia Middle School,28.2%,29.2%
2024-25,115,DC Prep PCS,130,DC Prep PCS - Edgewood Elementary School,33.6%,27.8%
2023-24,115,DC Prep PCS,130,DC Prep PCS - Edgewood Elementary School,28.2%,20.0%
2024-25,115,DC Prep PCS,196,DC Prep PCS - Edgewood Middle School,34.2%,27.7%
2023-24,115,DC Prep PCS,196,DC Prep PCS - Edgewood Middle School,20.9%,19.3%
2024-25,115,DC Prep PCS,218,DC Prep PCS - Benning Middle School,28.2%,21.3%
2023-24,115,DC Prep PCS,218,DC Prep PCS - Benning Middle School,27.3%,20.6%
2024-25,115,DC Prep PCS,276,DC Prep PCS - Anacostia Elementary School,26.0%,19.7%
2023-24,115,DC Prep PCS,276,DC Prep PCS - Anacostia Elementary School,37.5%,33.5%
2024-25,116,E.L. Haynes PCS,1138,E.L. Haynes PCS - High School,39.9%,33.6%
2023-24,116,E.L. Haynes PCS,1138,E.L. Haynes PCS - High School,42.1%,31.1%
2024-25,116,E.L. Haynes PCS,1206,E.L. Haynes PCS - Elementary School,25.6%,19.5%
2023-24,116,E.L. Haynes PCS,1206,E.L. Haynes PCS - Elementary School,28.1%,17.8%
2024-25,116,E.L. Haynes PCS,146,E.L. Haynes PCS - Middle School,26.4%,22.0%
2023-24,116,E.L. Haynes PCS,146,E.L. Haynes PCS - Middle School,24.9%,18.5%
2023-24,117,Eagle Academy PCS,1125,Eagle Academy PCS - Capitol Riverfront,51.5%,21.4%
2023-24,117,Eagle Academy PCS,195,Eagle Academy PCS - Congress Heights,52.5%,15.5%
2024-25,118,Early Childhood Academy PCS,138,Early Childhood Academy PCS,53.7%,42.1%
2023-24,118,Early Childhood Academy PCS,138,Early Childhood Academy PCS,40.3%,20.8%
2024-25,120,Friendship PCS,1057,Friendship PCS - Southeast Middle,35.4%,22.7%
2023-24,120,Friendship PCS,1057,Friendship PCS - Southeast Middle,47.3%,46.3%
2024-25,120,Friendship PCS,1083,Friendship PCS - Ideal Elementary,39.5%,30.8%
2023-24,120,Friendship PCS,1083,Friendship PCS - Ideal Elementary,33.1%,26.1%
2024-25,120,Friendship PCS,1084,Friendship PCS - Ideal Middle,32.0%,27.0%
2023-24,120,Friendship PCS,1084,Friendship PCS - Ideal Middle,40.0%,26.3%
2024-25,120,Friendship PCS,113,Friendship PCS - Southeast Elementary,48.3%,26.2%
2023-24,120,Friendship PCS,113,Friendship PCS - Southeast Elementary,54.5%,54.1%
2024-25,120,Friendship PCS,1140,Friendship PCS - Armstrong Middle,42.0%,30.0%
2023-24,120,Friendship PCS,1140,Friendship PCS - Armstrong Middle,44.7%,35.2%
2024-25,120,Friendship PCS,1164,Friendship PCS - Technology Preparatory High School,46.1%,28.7%
2023-24,120,Friendship PCS,1164,Friendship PCS - Technology Preparatory High School,48.9%,37.6%
2024-25,120,Friendship PCS,186,Friendship PCS - Collegiate Academy,44.2%,10.5%
2023-24,120,Friendship PCS,186,Friendship PCS - Collegiate Academy,38.2%,20.6%
2024-25,120,Friendship PCS,268,Friendship PCS - Online Academy,13.1%,11.8%
2023-24,120,Friendship PCS,268,Friendship PCS - Online Academy,7.5%,8.0%
2024-25,120,Friendship PCS,269,Friendship PCS - Armstrong Elementary,45.6%,24.4%
2023-24,120,Friendship PCS,269,Friendship PCS - Armstrong Elementary,47.7%,46.3%
2024-25,120,Friendship PCS,361,Friendship PCS - Blow Pierce Elementary,31.4%,7.9%
2023-24,120,Friendship PCS,361,Friendship PCS - Blow Pierce Elementary,36.9%,28.3%
2024-25,120,Friendship PCS,362,Friendship PCS - Blow Pierce Middle,18.5%,<1%
2023-24,120,Friendship PCS,362,Friendship PCS - Blow Pierce Middle,27.8%,24.3%
2024-25,120,Friendship PCS,363,Friendship PCS - Chamberlain Elementary,42.1%,23.9%
2023-24,120,Friendship PCS,363,Friendship PCS - Chamberlain Elementary,49.0%,38.1%
2024-25,120,Friendship PCS,364,Friendship PCS - Chamberlain Middle,44.7%,28.5%
2023-24,120,Friendship PCS,364,Friendship PCS - Chamberlain Middle,46.9%,37.5%
2024-25,120,Friendship PCS,365,Friendship PCS - Woodridge International Elementary,33.3%,23.6%
2023-24,120,Friendship PCS,365,Friendship PCS - Woodridge International Elementary,53.1%,48.6%
2024-25,120,Friendship PCS,366,Friendship PCS - Woodridge International Middle,31.8%,23.3%
2023-24,120,Friendship PCS,366,Friendship PCS - Woodridge International Middle,47.2%,44.4%
2024-25,121,Hope Community PCS,114,Hope Community PCS - Tolson,60.6%,47.8%
2023-24,121,Hope Community PCS,114,Hope Community PCS - Tolson,52.9%,33.2%
2024-25,123,Cedar Tree Academy PCS,188,Cedar Tree Academy PCS,26.6%,20.3%
2023-24,123,Cedar Tree Academy PCS,188,Cedar Tree Academy PCS,34.5%,28.9%
2024-25,124,Howard University Middle School of Mathematics and Science PCS,115,Howard University Middle School of Mathematics and Science PCS,56.8%,30.2%
2023-24,124,Howard University Middle School of Mathematics and Science PCS,115,Howard University Middle School of Mathematics and Science PCS,30.9%,12.4%
2024-25,125,Perry Street Preparatory PCS,161,Perry Street Preparatory PCS,43.2%,34.8%
2023-24,125,Perry Street Preparatory PCS,161,Perry Street Preparatory PCS,28.6%,21.8%
2024-25,126,IDEA PCS,163,IDEA PCS,76.2%,20.8%
2023-24,126,IDEA PCS,163,IDEA PCS,72.6%,30.1%
2024-25,129,KIPP DC PCS,1085,KIPP DC - Honor Academy PCS,38.3%,11.2%
2023-24,129,KIPP DC PCS,1085,KIPP DC - Honor Academy PCS,40.5%,14.7%
2024-25,129,KIPP DC PCS,1086,KIPP DC PCS - Legacy College Preparatory PCS,52.6%,29.0%
2023-24,129,KIPP DC PCS,1086,KIPP DC PCS - Legacy College Preparatory PCS,53.0%,26.3%
2024-25,129,KIPP DC PCS,1121,KIPP DC - Promise Academy PCS,30.1%,19.6%
2023-24,129,KIPP DC PCS,1121,KIPP DC - Promise Academy PCS,35.8%,22.6%
2024-25,129,KIPP DC PCS,1122,KIPP DC - Discover Academy PCS,44.1%,7.6%
2023-24,129,KIPP DC PCS,1122,KIPP DC - Discover Academy PCS,44.1%,7.7%
2024-25,129,KIPP DC PCS,1123,KIPP DC - College Preparatory PCS,32.9%,19.5%
2023-24,129,KIPP DC PCS,1123,KIPP DC - College Preparatory PCS,45.9%,31.0%
2024-25,129,KIPP DC PCS,1129,KIPP DC - Grow Academy PCS,46.2%,15.4%
2023-24,129,KIPP DC PCS,1129,KIPP DC - Grow Academy PCS,43.6%,10.3%
2024-25,129,KIPP DC PCS,116,KIPP DC - AIM Academy PCS,33.3%,22.0%
2023-24,129,KIPP DC PCS,116,KIPP DC - AIM Academy PCS,33.8%,15.1%
2024-25,129,KIPP DC PCS,1177,KIPP DC - Pride Academy PCS,38.8%,23.5%
2023-24,129,KIPP DC PCS,1177,KIPP DC - Pride Academy PCS,44.8%,24.6%
2024-25,129,KIPP DC PCS,1185,KIPP DC - Inspire Academy PCS,41.1%,17.2%
2023-24,129,KIPP DC PCS,1185,KIPP DC - Inspire Academy PCS,36.3%,8.4%
2024-25,129,KIPP DC PCS,121,KIPP DC - WILL Academy PCS,33.7%,14.8%
2023-24,129,KIPP DC PCS,121,KIPP DC - WILL Academy PCS,32.7%,15.7%
2024-25,129,KIPP DC PCS,189,KIPP DC - KEY Academy PCS,29.6%,18.6%
2023-24,129,KIPP DC PCS,189,KIPP DC - KEY Academy PCS,40.7%,24.6%
2024-25,129,KIPP DC PCS,190,KIPP DC - Lead Academy PCS,34.4%,21.2%
2023-24,129,KIPP DC PCS,190,KIPP DC - Lead Academy PCS,35.8%,8.6%
2024-25,129,KIPP DC PCS,209,KIPP DC - Connect Academy PCS,50.0%,29.3%
2023-24,129,KIPP DC PCS,209,KIPP DC - Connect Academy PCS,44.9%,28.7%
2024-25,129,KIPP DC PCS,214,KIPP DC - Spring Academy PCS,34.8%,17.7%
2023-24,129,KIPP DC PCS,214,KIPP DC - Spring Academy PCS,34.0%,17.6%
2024-25,129,KIPP DC PCS,236,KIPP DC - Arts and Technology Academy PCS,43.0%,18.6%
2023-24,129,KIPP DC PCS,236,KIPP DC - Arts and Technology Academy PCS,45.6%,18.1%
2024-25,129,KIPP DC PCS,237,KIPP DC - Quest Academy PCS,30.0%,21.7%
2023-24,129,KIPP DC PCS,237,KIPP DC - Quest Academy PCS,35.0%,17.1%
2024-25,129,KIPP DC PCS,242,KIPP DC - Northeast Academy PCS,38.5%,26.6%
2023-24,129,KIPP DC PCS,242,KIPP DC - Northeast Academy PCS,40.9%,24.6%
2024-25,129,KIPP DC PCS,243,KIPP DC - Valor Academy PCS,32.2%,29.0%
2023-24,129,KIPP DC PCS,243,KIPP DC - Valor Academy PCS,33.9%,20.8%
2024-25,129,KIPP DC PCS,3071,KIPP DC - Heights Academy PCS,38.7%,25.7%
2023-24,129,KIPP DC PCS,3071,KIPP DC - Heights Academy PCS,39.0%,4.7%
2024-25,130,Latin American Montessori Bilingual PCS,193,Latin American Montessori Bilingual PCS,11.8%,3.6%
2023-24,130,Latin American Montessori Bilingual PCS,193,Latin American Montessori Bilingual PCS,15.3%,4.2%
2024-25,132,Mary McLeod Bethune Day Academy PCS,135,Mary McLeod Bethune Day Academy PCS,44.1%,23.2%
2023-24,132,Mary McLeod Bethune Day Academy PCS,135,Mary McLeod Bethune Day Academy PCS,37.2%,21.0%
2024-25,133,Maya Angelou PCS,101,Maya Angelou PCS - High School,75.3%,6.8%
2023-24,133,Maya Angelou PCS,101,Maya Angelou PCS - High School,75.8%,8.5%
2024-25,135,Meridian PCS,165,Meridian PCS,55.9%,31.7%
2023-24,135,Meridian PCS,165,Meridian PCS,48.8%,24.1%
2024-25,138,Paul PCS,170,Paul PCS - Middle School,27.7%,15.5%
2023-24,138,Paul PCS,170,Paul PCS - Middle School,30.9%,10.8%
2024-25,138,Paul PCS,222,Paul PCS - International High School,41.9%,20.7%
2023-24,138,Paul PCS,222,Paul PCS - International High School,37.0%,13.5%
2024-25,140,Roots PCS,173,Roots PCS,31.5%,<5%
2023-24,140,Roots PCS,173,Roots PCS,43.1%,<5%
2024-25,142,SEED PCS,174,The SEED PCS of Washington DC,62.0%,35.0%
2023-24,142,SEED PCS,174,The SEED PCS of Washington DC,83.2%,22.8%
2024-25,143,St. Coletta Special Education PCS,1047,St. Coletta Special Education PCS,52.2%,13.9%
2023-24,143,St. Coletta Special Education PCS,1047,St. Coletta Special Education PCS,59.8%,15.2%
2024-25,144,Elsie Whitlow Stokes Community Freedom PCS,1059,Elsie Whitlow Stokes Community Freedom PCS - East End,19.7%,8.8%
2023-24,144,Elsie Whitlow Stokes Community Freedom PCS,1059,Elsie Whitlow Stokes Community Freedom PCS - East End,19.1%,18.4%
2024-25,144,Elsie Whitlow Stokes Community Freedom PCS,159,Elsie Whitlow Stokes Community Freedom PCS - Brookland,12.5%,1.4%
2023-24,144,Elsie Whitlow Stokes Community Freedom PCS,159,Elsie Whitlow Stokes Community Freedom PCS - Brookland,12.1%,<1%
2024-25,146,Thurgood Marshall Academy PCS,191,Thurgood Marshall Academy PCS,50.5%,<1%
2023-24,146,Thurgood Marshall Academy PCS,191,Thurgood Marshall Academy PCS,35.4%,<1%
2024-25,149,Two Rivers PCS,1152,Two Rivers PCS - Young Middle School,37.8%,23.0%
2023-24,149,Two Rivers PCS,1152,Two Rivers PCS - Young Middle School,32.3%,29.0%
2024-25,149,Two Rivers PCS,198,Two Rivers PCS - 4th Street,28.0%,23.2%
2023-24,149,Two Rivers PCS,198,Two Rivers PCS - 4th Street,25.1%,10.5%
2024-25,149,Two Rivers PCS,270,Two Rivers PCS - Young Elementary School,38.0%,31.5%
2023-24,149,Two Rivers PCS,270,Two Rivers PCS - Young Elementary School,26.6%,19.0%
2024-25,151,Washington Latin PCS,1118,Washington Latin PCS - Upper School,15.4%,4.0%
2023-24,151,Washington Latin PCS,1118,Washington Latin PCS - Upper School,15.6%,3.8%
2024-25,151,Washington Latin PCS,125,Washington Latin PCS - Middle School,7.5%,1.0%
2023-24,151,Washington Latin PCS,125,Washington Latin PCS - Middle School,7.9%,1.5%
2024-25,151,Washington Latin PCS,1292,Washington Latin PCS - Anna Julia Cooper Middle School,14.5%,7.8%
2023-24,151,Washington Latin PCS,1292,Washington Latin PCS - Anna Julia Cooper Middle School,15.4%,4.2%
2024-25,155,Achievement Preparatory Academy PCS,217,Achievement Preparatory Academy PCS - Wahler Place Elementary School,47.6%,38.4%
2023-24,155,Achievement Preparatory Academy PCS,217,Achievement Preparatory Academy PCS - Wahler Place Elementary School,51.8%,40.6%
2024-25,156,Center City PCS,1103,Center City PCS - Brightwood,4.5%,2.2%
2023-24,156,Center City PCS,1103,Center City PCS - Brightwood,8.7%,3.7%
2024-25,156,Center City PCS,1104,Center City PCS - Capitol Hill,44.0%,7.6%
2023-24,156,Center City PCS,1104,Center City PCS - Capitol Hill,44.3%,30.5%
2024-25,156,Center City PCS,1105,Center City PCS - Congress Heights,12.6%,7.9%
2023-24,156,Center City PCS,1105,Center City PCS - Congress Heights,17.3%,7.7%
2024-25,156,Center City PCS,1106,Center City PCS - Petworth,33.8%,24.4%
2023-24,156,Center City PCS,1106,Center City PCS - Petworth,21.7%,15.1%
2024-25,156,Center City PCS,1107,Center City PCS - Shaw,40.7%,22.6%
2023-24,156,Center City PCS,1107,Center City PCS - Shaw,42.5%,16.5%
2024-25,156,Center City PCS,1108,Center City PCS - Trinidad,53.3%,52.2%
2023-24,156,Center City PCS,1108,Center City PCS - Trinidad,53.6%,48.1%
2024-25,160,Washington Yu Ying PCS,1117,Washington Yu Ying PCS,18.7%,6.5%
2023-24,160,Washington Yu Ying PCS,1117,Washington Yu Ying PCS,14.3%,5.6%
2024-25,165,Inspired Teaching Demonstration PCS,3064,Inspired Teaching Demonstration PCS,14.7%,3.4%
2023-24,165,Inspired Teaching Demonstration PCS,3064,Inspired Teaching Demonstration PCS,17.2%,3.0%
2024-25,166,Shining Stars Montessori Academy PCS,3066,Shining Stars Montessori Academy PCS,40.2%,34.7%
2023-24,166,Shining Stars Montessori Academy PCS,3066,Shining Stars Montessori Academy PCS,53.1%,48.5%
2024-25,167,Richard Wright PCS for Journalism and Media Arts,3067,Richard Wright PCS for Journalism and Media Arts,6.3%,<1%
2023-24,167,Richard Wright PCS for Journalism and Media Arts,3067,Richard Wright PCS for Journalism and Media Arts,44.3%,21.0%
2024-25,168,BASIS DC PCS,3068,BASIS DC PCS,12.5%,1.4%
2023-24,168,BASIS DC PCS,3068,BASIS DC PCS,11.4%,1.6%
2024-25,169,Creative Minds International PCS,3069,Creative Minds International PCS,37.3%,19.0%
2023-24,169,Creative Minds International PCS,3069,Creative Minds International PCS,36.4%,18.4%
2024-25,170,DC Scholars PCS,3070,DC Scholars PCS,38.9%,31.0%
2023-24,170,DC Scholars PCS,3070,DC Scholars PCS,44.2%,37.3%
2024-25,171,Mundo Verde Bilingual PCS,1088,Mundo Verde Bilingual PCS - Calle Ocho,15.6%,6.7%
2023-24,171,Mundo Verde Bilingual PCS,1088,Mundo Verde Bilingual PCS - Calle Ocho,14.5%,4.0%
2024-25,171,Mundo Verde Bilingual PCS,3065,Mundo Verde Bilingual PCS - J.F. Cook,31.5%,18.0%
2023-24,171,Mundo Verde Bilingual PCS,3065,Mundo Verde Bilingual PCS - J.F. Cook,25.6%,12.9%
2024-25,173,Ingenuity Prep PCS,200,Ingenuity Prep PCS,45.3%,45.8%
2023-24,173,Ingenuity Prep PCS,200,Ingenuity Prep PCS,49.9%,41.3%
2024-25,174,Sela PCS,197,Sela PCS,31.3%,7.2%
2023-24,174,Sela PCS,197,Sela PCS,25.5%,2.7%
2024-25,177,Lee Montessori PCS,1141,Lee Montessori PCS - East End,33.1%,25.2%
2023-24,177,Lee Montessori PCS,1141,Lee Montessori PCS - East End,32.5%,19.8%
2024-25,177,Lee Montessori PCS,228,Lee Montessori PCS - Brookland,16.6%,3.9%
2023-24,177,Lee Montessori PCS,228,Lee Montessori PCS - Brookland,17.3%,3.7%
2024-25,180,Harmony DC PCS,245,Harmony DC PCS - School of Excellence,44.2%,30.1%
2023-24,180,Harmony DC PCS,245,Harmony DC PCS - School of Excellence,54.2%,38.3%
2024-25,181,District of Columbia International School,248,District of Columbia International School,17.9%,5.1%
2023-24,181,District of Columbia International School,248,District of Columbia International School,14.0%,3.2%
2024-25,184,Monument Academy PCS,260,Monument Academy PCS,36.2%,19.1%
2023-24,184,Monument Academy PCS,260,Monument Academy PCS,30.5%,21.1%
2024-25,185,Washington Global PCS,263,Washington Global PCS,30.3%,35.8%
2023-24,185,Washington Global PCS,263,Washington Global PCS,19.6%,19.9%
2024-25,186,Kingsman Academy PCS,267,Kingsman Academy PCS,59.6%,37.2%
2023-24,186,Kingsman Academy PCS,267,Kingsman Academy PCS,78.7%,31.5%
2024-25,188,The Children's Guild DC PCS,255,The Children's Guild DC PCS,74.5%,71.3%
2023-24,188,The Children's Guild DC PCS,255,The Children's Guild DC PCS,85.2%,73.7%
2024-25,189,Breakthrough Montessori PCS,289,Breakthrough Montessori PCS,53.2%,33.5%
2023-24,189,Breakthrough Montessori PCS,289,Breakthrough Montessori PCS,22.5%,4.5%
2024-25,190,Goodwill Excel Center PCS,297,Goodwill Excel Center PCS,88.6%,38.5%
2023-24,190,Goodwill Excel Center PCS,297,Goodwill Excel Center PCS,89.6%,10.7%
2024-25,191,Rocketship Education DC PCS,1016,Rocketship PCS - Legacy Prep,52.0%,29.9%
2023-24,191,Rocketship Education DC PCS,1016,Rocketship PCS - Legacy Prep,53.3%,18.9%
2024-25,191,Rocketship Education DC PCS,1150,Rocketship PCS - Infinity Community Prep,50.6%,21.3%
2023-24,191,Rocketship Education DC PCS,1150,Rocketship PCS - Infinity Community Prep,50.6%,13.0%
2024-25,191,Rocketship Education DC PCS,286,Rocketship PCS - Rise Academy,54.6%,25.1%
2023-24,191,Rocketship Education DC PCS,286,Rocketship PCS - Rise Academy,65.9%,12.2%
2024-25,194,Washington Leadership Academy PCS,283,Washington Leadership Academy PCS,49.9%,39.4%
2023-24,194,Washington Leadership Academy PCS,283,Washington Leadership Academy PCS,49.9%,35.6%
2024-25,314,Statesmen College Preparatory Academy for Boys PCS,1037,Statesmen College Preparatory Academy for Boys PCS,36.7%,33.1%
2023-24,314,Statesmen College Preparatory Academy for Boys PCS,1037,Statesmen College Preparatory Academy for Boys PCS,39.2%,31.4%
2024-25,317,Digital Pioneers Academy PCS,1038,Digital Pioneers Academy PCS - Johenning,54.6%,51.5%
2023-24,317,Digital Pioneers Academy PCS,1038,Digital Pioneers Academy PCS - Johenning,66.0%,69.0%
2024-25,317,Digital Pioneers Academy PCS,1212,Digital Pioneers Academy PCS - Capitol Hill,51.5%,42.4%
2023-24,317,Digital Pioneers Academy PCS,1212,Digital Pioneers Academy PCS - Capitol Hill,69.7%,70.1%
2024-25,323,The Sojourner Truth School PCS,1144,The Sojourner Truth School PCS,43.6%,36.1%
2023-24,323,The Sojourner Truth School PCS,1144,The Sojourner Truth School PCS,27.1%,22.6%
2024-25,334,Capital Village PCS,1145,Capital Village PCS,71.0%,22.3%
2023-24,334,Capital Village PCS,1145,Capital Village PCS,61.5%,19.8%
2024-25,340,Girls Global Academy PCS,1146,Girls Global Academy PCS,58.1%,46.9%
2023-24,340,Girls Global Academy PCS,1146,Girls Global Academy PCS,63.0%,49.1%
2024-25,345,I Dream PCS,1147,I Dream PCS,62.9%,56.3%
2023-24,345,I Dream PCS,1147,I Dream PCS,58.9%,54.4%
2024-25,350,Social Justice PCS,1148,Social Justice PCS,34.7%,6.8%
2023-24,350,Social Justice PCS,1148,Social Justice PCS,52.4%,14.2%
2024-25,357,Global Citizens PCS,1160,Global Citizens PCS,45.4%,16.7%
2023-24,357,Global Citizens PCS,1160,Global Citizens PCS,44.7%,29.9%
2024-25,358,LEARN DC PCS,1172,LEARN DC PCS,25.1%,10.5%
2023-24,358,LEARN DC PCS,1172,LEARN DC PCS,30.2%,17.7%
2024-25,359,DC Wildflower PCS,1176,DC Wildflower PCS - The Riverseed School,>=90%,33.3%
2023-24,359,DC Wildflower PCS,1176,DC Wildflower PCS - The Riverseed School,n<10,n<10