X,Y,OBJECTID,GIS_ID,NAME,WEB_URL,LABEL_NAME,DATELASTMODIFIED,GLOBALID,CREATOR,CREATED,EDITOR,EDITED
-8576151.15882917,4720492.0449805,1,NbhNamesPt_45,North Portal Estates,http://NeighborhoodAction.dc.gov,North Portal Estates,2003/04/10 04:00:00+00,{78153D76-060B-45BF-B4A9-4E1E1D47BA82},,,,
-8576175.33335422,4719779.46723733,2,NbhNamesPt_46,Colonial Village,http://NeighborhoodAction.dc.gov,Colonial Village,2003/04/10 04:00:00+00,{A443564E-EAD4-4E46-9EAE-DD6342644007},,,,
-8575177.00919038,4719233.90484462,3,NbhNamesPt_47,Shepherd Park,http://NeighborhoodAction.dc.gov,Shepherd Park,2003/04/10 04:00:00+00,{429C9BC9-2D92-4113-9EEA-80DCBA41A371},,,,
-8577827.386394,4718933.53378921,4,NbhNamesPt_54,Hawthorne,http://NeighborhoodAction.dc.gov,Hawthorne,2003/04/10 04:00:00+00,{D3467B16-10E8-4828-AA3E-E80005179D9F},,,,
-8574000.64990667,4718300.45939389,5,NbhNamesPt_48,Takoma,http://NeighborhoodAction.dc.gov,Takoma,2003/04/10 04:00:00+00,{2124089B-A109-4BE2-B070-35537445CE8F},,,,
-8578299.38416844,4718153.23381147,6,NbhNamesPt_55,Barnaby Woods,http://NeighborhoodAction.dc.gov,Barnaby Woods,2003/04/10 04:00:00+00,{50F35BDB-AE92-421E-A61E-AC5E22413BFE},,,,
-8574592.42623079,4716856.8455862,7,NbhNamesPt_53,Brightwood,http://NeighborhoodAction.dc.gov,Brightwood,2003/04/10 04:00:00+00,{88482D56-487F-42DA-8457-C8B69C1E96A9},,,,
-8572318.25049224,4716669.34485978,8,NbhNamesPt_49,Lamond Riggs,http://NeighborhoodAction.dc.gov,Lamond Riggs,2003/04/10 04:00:00+00,{1AAFB8F7-6006-49B5-BE2A-303FA8C80CCB},,,,
-8579001.04573807,4716393.99482065,9,NbhNamesPt_91,Chevy Chase,http://NeighborhoodAction.dc.gov,Chevy Chase,2003/04/10 04:00:00+00,{3184E9D0-F6AA-47FA-9C70-7AB427E0F4F1},,,,
-8573009.77545321,4716238.68435833,10,NbhNamesPt_52,Manor Park,http://NeighborhoodAction.dc.gov,Manor Park,2003/04/10 04:00:00+00,{8AF019C9-6927-40C1-8120-F8AF0122A297},,,,
-8580935.42107869,4715500.7171456,11,NbhNamesPt_92,Friendship Heights,http://NeighborhoodAction.dc.gov,Friendship Heights,2003/04/10 04:00:00+00,{C6564A57-3BA7-485B-A124-39A8ECEE4B1B},,,,
-8571221.25486059,4715380.93179385,12,NbhNamesPt_56,Queens Chapel,http://NeighborhoodAction.dc.gov,Queens Chapel,2003/04/10 04:00:00+00,{238E8413-B681-4CBC-BC76-B5C5D6A822A7},,,,
-8574369.4618516,4715334.78356806,13,NbhNamesPt_51,Brightwood Park,http://NeighborhoodAction.dc.gov,Brightwood Park,2003/04/10 04:00:00+00,{0E83A9F1-D0EC-4F4A-AEBE-4155DA199B2C},,,,
-8575336.51276758,4714557.05525593,14,NbhNamesPt_66,16th Street Heights,http://NeighborhoodAction.dc.gov,16th Street Heights,2003/04/10 04:00:00+00,{EBBBAB81-84BD-4290-BC06-8EB73EBBDF97},,,,
-8572505.60588654,4714430.43219856,15,NbhNamesPt_26,Fort Totten,http://NeighborhoodAction.dc.gov,Fort Totten,2003/04/10 04:00:00+00,{A1E1F9B1-9690-4101-BE22-4D514C00EBC3},,,,
-8579590.58707418,4714208.38625578,16,NbhNamesPt_93,North Cleveland Park,http://NeighborhoodAction.dc.gov,North Cleveland Park,2003/04/10 04:00:00+00,{E051A965-AF37-40B7-8C0F-7FB16F6692A5},,,,
-8581647.32689051,4714170.16519708,17,NbhNamesPt_95,American University Park,http://NeighborhoodAction.dc.gov,American University Park,2003/04/10 04:00:00+00,{86937E8B-91D8-41B8-BF7E-11AA070939B1},,,,
-8580524.50574139,4714100.8536097,18,NbhNamesPt_94,Tenleytown,http://NeighborhoodAction.dc.gov,Tenleytown,2003/04/10 04:00:00+00,{185F9C76-BD9A-484B-8A15-A30F7CD6E8DB},,,,
-8569794.29346588,4714073.19125257,19,NbhNamesPt_57,Michigan Park,http://NeighborhoodAction.dc.gov,Michigan Park,2003/04/10 04:00:00+00,{3B1A7351-2CF3-4A22-BAC6-19A9C0B16FD9},,,,
-8578108.71056888,4714067.26282109,20,NbhNamesPt_23,Forest Hills,http://NeighborhoodAction.dc.gov,Forest Hills,2003/04/10 04:00:00+00,{06B2370D-1E0C-4545-A22E-01F48A5C6C01},,,,
-8570895.72573925,4713888.55314841,21,NbhNamesPt_58,North Michigan Park,http://NeighborhoodAction.dc.gov,North Michigan Park,2003/04/10 04:00:00+00,{6A7C5DD4-BEDE-42F9-A7F6-216382A3AB2E},,,,
-8578959.71962471,4713566.00042532,22,NbhNamesPt_22,Van Ness,http://NeighborhoodAction.dc.gov,Van Ness,2003/04/10 04:00:00+00,{D81F832D-F637-48BD-8D0A-E2984643A657},,,,
-8576175.67623142,4713556.91592793,23,NbhNamesPt_131,Crestwood,http://NeighborhoodAction.dc.gov,Crestwood,2003/04/10 04:00:00+00,{06A3F48C-4745-48D4-AA41-39CCFA471ED1},,,,
-8574274.38750281,4713515.69760514,24,NbhNamesPt_50,Petworth,http://NeighborhoodAction.dc.gov,Petworth,2003/04/10 04:00:00+00,{72A456E8-CCB0-47B1-8956-1A8A76181E30},,,,
-8572135.51947682,4713235.18217239,25,NbhNamesPt_27,Pleasant Hill,http://NeighborhoodAction.dc.gov,Pleasant Hill,2003/04/10 04:00:00+00,{32C9B2A1-8F37-4F02-B8EB-E5057B39B620},,,,
-8582368.08396506,4712982.17332643,26,NbhNamesPt_96,Spring Valley,http://NeighborhoodAction.dc.gov,Spring Valley,2003/04/10 04:00:00+00,{41A4213E-44A4-41EC-8FDF-FE6CA2754A8A},,,,
-8571128.96321208,4712830.09400313,27,NbhNamesPt_60,University Heights,http://NeighborhoodAction.dc.gov,University Heights,2003/04/10 04:00:00+00,{24133EF8-3D87-4E27-A80A-6D0114A53CFE},,,,
-8579982.67296431,4712529.90880876,28,NbhNamesPt_98,McLean Gardens,http://NeighborhoodAction.dc.gov,McLean Gardens,2003/04/10 04:00:00+00,{AA6F1429-8EF9-43C7-B36E-632FF84AA166},,,,
-8578769.95985422,4712522.26992359,29,NbhNamesPt_99,Cleveland Park,http://NeighborhoodAction.dc.gov,Cleveland Park,2003/04/10 04:00:00+00,{92E6EFB6-CA54-4B0C-823D-C3EAA6A9D9CE},,,,
-8573987.95638666,4712308.51826876,30,NbhNamesPt_110,Park View,http://NeighborhoodAction.dc.gov,Park View,2003/04/10 04:00:00+00,{51F8E2BC-2089-4B1C-8709-C332AF0868D4},,,,
-8580490.81267016,4712261.02868866,31,NbhNamesPt_97,Cathedral Heights,http://NeighborhoodAction.dc.gov,Cathedral Heights,2003/04/10 04:00:00+00,{0D1185CC-2B29-4705-A3B1-7A20F4D7B834},,,,
-8568109.76023069,4712225.05306704,32,NbhNamesPt_59,Woodridge,http://NeighborhoodAction.dc.gov,Woodridge,2003/04/10 04:00:00+00,{F504487F-EC5A-4097-B579-91DF5C5ADC13},,,,
-8576126.58304462,4711898.83856265,33,NbhNamesPt_109,Mount Pleasant,http://NeighborhoodAction.dc.gov,Mount Pleasant,2003/04/10 04:00:00+00,{BD6F124E-EF3A-4885-8222-AA232ADD82CF},,,,
-8569865.71999198,4711850.59812476,34,NbhNamesPt_61,Brookland,http://NeighborhoodAction.dc.gov,Brookland,2003/04/10 04:00:00+00,{E92E5911-17F1-47F0-9A5D-64704746CBD3},,,,
-8581433.07500067,4711646.88179914,35,NbhNamesPt_102,Wesley Heights,http://NeighborhoodAction.dc.gov,Wesley Heights,2003/04/10 04:00:00+00,{855013DC-188F-4AB0-A6B6-CB4E1BB74E00},,,,
-8583124.62748223,4711622.10492189,36,NbhNamesPt_104,Palisades,http://NeighborhoodAction.dc.gov,Palisades,2003/04/10 04:00:00+00,{22B4F666-6E30-4401-8A9A-D5EB3F013FA1},,,,
-8574172.3819909,4711574.20916104,37,NbhNamesPt_36,Pleasant Plains,http://NeighborhoodAction.dc.gov,Pleasant Plains,2003/04/10 04:00:00+00,{70DEA6B5-9E2C-4F96-929D-9AC3125A10B8},,,,
-8575005.61237444,4711364.617474,38,NbhNamesPt_19,Columbia Heights,http://NeighborhoodAction.dc.gov,Columbia Heights,2003/04/10 04:00:00+00,{D3825EE0-9BF6-4DC2-982F-55407C502A44},,,,
-8577999.76393575,4711258.3032953,39,NbhNamesPt_100,Woodley Park,http://NeighborhoodAction.dc.gov,Woodley Park,2003/04/10 04:00:00+00,{B467757B-C080-4AD6-BB00-6A5A8EE21601},,,,
-8572465.45466939,4711045.13150078,40,NbhNamesPt_41,Stronghold,http://NeighborhoodAction.dc.gov,Stronghold,2003/04/10 04:00:00+00,{9B502ECF-CB84-4FF1-B4E8-8FDE89D6AD65},,,,
-8579401.46195625,4710991.21140782,41,NbhNamesPt_34,Mass. Ave. Heights,http://NeighborhoodAction.dc.gov,Mass. Ave. Heights,2003/04/10 04:00:00+00,{AAADBBED-3125-430C-9DDF-57F63CF1262E},,,,
-8576353.41445947,4710969.75788921,42,NbhNamesPt_108,Lanier Heights,http://NeighborhoodAction.dc.gov,Lanier Heights,2003/04/10 04:00:00+00,{C1D86442-0D3C-4DBF-A9C5-844F54434933},,,,
-8571683.08839264,4710962.60974075,43,NbhNamesPt_62,Edgewood,http://NeighborhoodAction.dc.gov,Edgewood,2003/04/10 04:00:00+00,{88B51C75-04F7-40F3-83DB-19AA98FD3B3A},,,,
-8568783.23406015,4710793.49145471,44,NbhNamesPt_69,Langdon,http://NeighborhoodAction.dc.gov,Langdon,2003/04/10 04:00:00+00,{9E92BFFA-F9EB-4AEC-B01D-B16FD8E54A2A},,,,
-8567709.40867872,4710788.98376199,45,NbhNamesPt_42,South Central,http://NeighborhoodAction.dc.gov,South Central,2003/04/10 04:00:00+00,{CFD30BCD-5250-471F-B7CE-6C8F80491467},,,,
-8566563.44797566,4710735.23191962,46,NbhNamesPt_67,Fort Lincoln,http://NeighborhoodAction.dc.gov,Fort Lincoln,2003/04/10 04:00:00+00,{FAF83C95-5377-4D2D-971A-654F996A02A1},,,,
-8578363.83630483,4710626.51561147,47,NbhNamesPt_33,Woodland-Normanstone,http://NeighborhoodAction.dc.gov,Woodland-Normanstone,2003/04/10 04:00:00+00,{46542D74-09DC-437A-8D20-17DD6A36B414},,,,
-8573783.79631396,4710555.66102498,48,NbhNamesPt_112,Howard University,http://NeighborhoodAction.dc.gov,Howard University,2003/04/10 04:00:00+00,{E0F955AE-2D73-46F6-A824-6A4681AA10A3},,,,
-8580031.85321036,4710437.76136299,49,NbhNamesPt_101,Glover Park,http://NeighborhoodAction.dc.gov,Glover Park,2003/04/10 04:00:00+00,{0BD0575B-58E9-4BB6-A214-CE1D30F1DC5A},,,,
-8581927.5381061,4710288.33726834,50,NbhNamesPt_103,Foxhall Crescents,http://NeighborhoodAction.dc.gov,Foxhall Crescents,2003/04/10 04:00:00+00,{D6D96836-1EB9-4807-A802-12DB8B88135F},,,,
-8576319.74735386,4710286.29178305,51,NbhNamesPt_106,Adams Morgan,http://NeighborhoodAction.dc.gov,Adams Morgan,2003/04/10 04:00:00+00,{2D2A7BBC-575B-44D8-86C8-D333E6BB5590},,,,
-8567576.11349882,4710183.93650908,52,NbhNamesPt_68,Gateway,http://NeighborhoodAction.dc.gov,Gateway,2003/04/10 04:00:00+00,{BCC312A1-F272-4772-83B9-5794F800E3C8},,,,
-8570157.5581664,4710072.39909307,53,NbhNamesPt_70,Brentwood,http://NeighborhoodAction.dc.gov,Brentwood,2003/04/10 04:00:00+00,{83144617-3921-42A9-A3F0-65E680C8BCBB},,,,
-8572843.04233103,4709964.9701075,54,NbhNamesPt_64,Bloomingdale,http://NeighborhoodAction.dc.gov,Bloomingdale,2003/04/10 04:00:00+00,{4358EF2C-F96E-4686-BE6A-81C69000A145},,,,
-8574667.65503117,4709813.5778289,55,NbhNamesPt_21,Cardozo/Shaw,http://NeighborhoodAction.dc.gov,Cardozo/Shaw,2003/04/10 04:00:00+00,{E2C91DAD-7FB9-4DE7-A4E5-2E0B4949F94D},,,,
-8573560.52070122,4709765.40469628,56,NbhNamesPt_111,Le Droit Park,http://NeighborhoodAction.dc.gov,Le Droit Park,2003/04/10 04:00:00+00,{01D05EBA-0A4E-4DF4-BA62-EDECCEA0B71E},,,,
-8577299.76035052,4709597.84387213,57,NbhNamesPt_105,Kalorama Heights,http://NeighborhoodAction.dc.gov,Kalorama Heights,2003/04/10 04:00:00+00,{462CF4CE-ABD2-4BBE-9823-3DC4925FF61B},,,,
-8571648.14915609,4709532.23217124,58,NbhNamesPt_71,Eckington,http://NeighborhoodAction.dc.gov,Eckington,2003/04/10 04:00:00+00,{7D96FDDF-9039-4EB9-9C48-4879DFCFCDB9},,,,
-8579901.41392225,4709503.7838398,59,NbhNamesPt_86,Burleith/Hillandale,http://NeighborhoodAction.dc.gov,Burleith/Hillandale,2003/04/10 04:00:00+00,{620DB044-019F-4831-AD39-48F16EEA55DD},,,,
-8568538.3639381,4709483.29004829,60,NbhNamesPt_75,Arboretum,http://NeighborhoodAction.dc.gov,Arboretum,2003/04/10 04:00:00+00,{1886FEE6-B74B-42A8-BD8E-2B4365B4A0B6},,,,
-8580996.94938036,4709252.5762304,61,NbhNamesPt_25,Foxhall Village,http://NeighborhoodAction.dc.gov,Foxhall Village,2003/04/10 04:00:00+00,{2A1B22BE-F570-4EBC-8D92-84B380EA1FBD},,,,
-8576163.07550245,4709092.48224677,62,NbhNamesPt_107,Dupont Circle,http://NeighborhoodAction.dc.gov,Dupont Circle,2003/04/10 04:00:00+00,{AAE09EB4-C8EC-41FC-8EAC-10641E3CC11F},,,,
-8564764.21439221,4708885.13618495,63,NbhNamesPt_28,Kenilworth,http://NeighborhoodAction.dc.gov,Kenilworth,2003/04/10 04:00:00+00,{07DE69D6-3F86-4D1A-B9D9-8B63BE3F913D},,,,
-8570668.70086686,4708843.7499527,64,NbhNamesPt_73,Ivy City,http://NeighborhoodAction.dc.gov,Ivy City,2003/04/10 04:00:00+00,{85000313-DDEE-483B-838C-9C8ACD3546EA},,,,
-8574421.66872553,4708761.75333455,65,NbhNamesPt_20,Logan Circle/Shaw,http://NeighborhoodAction.dc.gov,Logan Circle/Shaw,2003/04/10 04:00:00+00,{1A138679-A547-4D5D-8E75-31A59A6E6838},,,,
-8581694.95501369,4708736.11918676,66,NbhNamesPt_24,Georgetown Reservoir,http://NeighborhoodAction.dc.gov,Georgetown Reservoir,2003/04/10 04:00:00+00,{3A699BF4-2F88-4505-9A30-1FAD37AA4A0C},,,,
-8572980.50226419,4708740.43664297,67,NbhNamesPt_72,Truxton Circle,http://NeighborhoodAction.dc.gov,Truxton Circle,2003/04/10 04:00:00+00,{F9195B6B-ECCA-4A2C-BF7D-182306652713},,,,
-8578813.80412381,4708724.48535476,68,NbhNamesPt_85,Georgetown,http://NeighborhoodAction.dc.gov,Georgetown,2003/04/10 04:00:00+00,{D73DE5B6-1F93-4BF3-B1D2-7AD313EA7EE9},,,,
-8569679.08205107,4708568.07437816,69,NbhNamesPt_74,Trinidad,http://NeighborhoodAction.dc.gov,Trinidad,2003/04/10 04:00:00+00,{EF2FE680-242C-4DE8-84C2-2680651AD3EA},,,,
-8577376.32053005,4708151.48470311,70,NbhNamesPt_83,West End,http://NeighborhoodAction.dc.gov,West End,2003/04/10 04:00:00+00,{69837544-7D55-4AAB-93B6-AAA7AA3CBE07},,,,
-8565263.41617633,4708119.87970065,71,NbhNamesPt_29,Eastland Gardens,http://NeighborhoodAction.dc.gov,Eastland Gardens,2003/04/10 04:00:00+00,{06F37D02-1931-4180-A8AB-05B43635C214},,,,
-8574196.03606205,4707978.31940272,72,NbhNamesPt_132,Mount Vernon Square,http://NeighborhoodAction.dc.gov,Mount Vernon Square,2003/04/10 04:00:00+00,{8240003C-A5EE-464C-BE18-60EA8552579F},,,,
-8564120.22072078,4707945.05486849,73,NbhNamesPt_30,Deanwood,http://NeighborhoodAction.dc.gov,Deanwood,2003/04/10 04:00:00+00,{0253E53E-3A83-4615-95D2-F8A3DE3A55A1},,,,
-8576179.79091161,4707779.7762527,74,NbhNamesPt_80,Connecticut Avenue/K Street,http://NeighborhoodAction.dc.gov,Connecticut Avenue/K Street,2003/04/10 04:00:00+00,{3FB9D59E-023A-422B-B766-6DEB69E5CE41},,,,
-8572855.95675438,4707719.74230744,75,NbhNamesPt_78,North Capitol Street,http://NeighborhoodAction.dc.gov,North Capitol Street,2003/04/10 04:00:00+00,{F21F254A-6CC7-4C5F-8AEC-27CA271AD44E},,,,
-8569135.04111202,4707710.17109474,76,NbhNamesPt_76,Carver,http://NeighborhoodAction.dc.gov,Carver,2003/04/10 04:00:00+00,{1B09C0D4-257E-435C-940F-EBBD68D9808F},,,,
-8573479.78139824,4707703.26636562,77,NbhNamesPt_77,Mount Vernon Triangle,http://NeighborhoodAction.dc.gov,Mount Vernon Triangle,2019/05/01 04:00:00+00,{29FC5A57-499A-424F-A9FE-892E03446D2F},,,,
-8571571.16750007,4707697.23105274,78,NbhNamesPt_113,Near Northeast,http://NeighborhoodAction.dc.gov,Near Northeast,2003/04/10 04:00:00+00,{554B4AE2-731A-46C7-B1AB-0915AEB1597B},,,,
-8568524.7097025,4707548.67571806,79,NbhNamesPt_43,Langston,http://NeighborhoodAction.dc.gov,Langston,2003/04/10 04:00:00+00,{A7EFBE69-5A63-4128-8FF1-FC0B9624DFF3},,,,
-8566178.93022128,4707517.11827303,80,NbhNamesPt_118,Mayfair,http://NeighborhoodAction.dc.gov,Mayfair,2003/04/10 04:00:00+00,{78FDEA47-D336-4DB9-9E5A-534FEA88CFD4},,,,
-8574848.48339319,4707432.79646098,81,NbhNamesPt_79,Downtown,http://NeighborhoodAction.dc.gov,Downtown,2003/04/10 04:00:00+00,{3F61A25C-3521-4021-BBF3-B120F02DE598},,,,
-8562895.88152714,4707392.29371998,82,NbhNamesPt_120,Burrville,http://NeighborhoodAction.dc.gov,Burrville,2003/04/10 04:00:00+00,{7A937C25-8501-40C6-B3C5-33E58AA60A8D},,,,
-8576936.16100465,4707304.28777498,83,NbhNamesPt_81,George Washington University,http://NeighborhoodAction.dc.gov,George Washington University,2003/04/10 04:00:00+00,{A69A4D26-BB78-4339-A03A-926FC1ECC1E4},,,,
-8573842.23848026,4707236.12506043,84,NbhNamesPt_40,Chinatown,http://NeighborhoodAction.dc.gov,Chinatown,2003/04/10 04:00:00+00,{86C78E3F-7D25-43A4-81F7-D73D3B23DB5A},,,,
-8577437.96888015,4707217.60392514,85,NbhNamesPt_82,Foggy Bottom,http://NeighborhoodAction.dc.gov,Foggy Bottom,2003/04/10 04:00:00+00,{B509204B-C463-4387-8733-A27CC8927712},,,,
-8565175.06914459,4706933.3682424,86,NbhNamesPt_124,Central NE,http://NeighborhoodAction.dc.gov,Central NE,2003/04/10 04:00:00+00,{FAD3D144-F8FF-46AF-840E-F73FFBA4DBEF},,,,
-8563930.49451894,4706757.52757191,87,NbhNamesPt_125,Lincoln Heights,http://NeighborhoodAction.dc.gov,Lincoln Heights,2003/04/10 04:00:00+00,{EDC0FA10-E49E-4454-B0AA-F079AF7DE2B4},,,,
-8562404.62416501,4706706.84451242,88,NbhNamesPt_121,NE Boundary,http://NeighborhoodAction.dc.gov,NE Boundary,2003/04/10 04:00:00+00,{6B499F23-2C8D-43B9-9D84-EECCC9DBB0C6},,,,
-8573185.27809624,4706703.60418353,89,NbhNamesPt_44,Downtown East,http://NeighborhoodAction.dc.gov,Downtown East,2003/04/10 04:00:00+00,{B4A4FA32-AC74-4770-9564-AB7E92D818D0},,,,
-8574069.93014079,4706695.34830347,90,NbhNamesPt_39,Penn Quarter,http://NeighborhoodAction.dc.gov,Penn Quarter,2003/04/10 04:00:00+00,{D423E25A-D9FE-4A76-9A87-385ACA570E7F},,,,
-8570959.78120177,4706627.74911938,91,NbhNamesPt_114,Stanton Park,http://NeighborhoodAction.dc.gov,Stanton Park,2003/04/10 04:00:00+00,{E26632D4-5717-4E19-ACB9-90807E13703F},,,,
-8569200.36104809,4706626.13964446,92,NbhNamesPt_115,Kingman Park,http://NeighborhoodAction.dc.gov,Kingman Park,2003/04/10 04:00:00+00,{DC3C8CFF-615F-482E-A261-A92D46447404},,,,
-8566889.82276071,4706457.07841312,93,NbhNamesPt_119,River Terrace,http://NeighborhoodAction.dc.gov,River Terrace,2003/04/10 04:00:00+00,{6D030DE7-551D-4B96-9CD6-944EF8EC1A21},,,,
-8562766.30274442,4706314.33122302,94,NbhNamesPt_123,Grant Park,http://NeighborhoodAction.dc.gov,Grant Park,2003/04/10 04:00:00+00,{7563F526-CF47-42F7-A71C-17CC44F0877E},,,,
-8565910.54259381,4706196.82287183,95,NbhNamesPt_122,Benning,http://NeighborhoodAction.dc.gov,Benning,2003/04/10 04:00:00+00,{5F6A5904-9323-43FD-A225-EA2B4450BD11},,,,
-8563484.03122302,4705924.16032066,96,NbhNamesPt_126,Capitol View,http://NeighborhoodAction.dc.gov,Capitol View,2003/04/10 04:00:00+00,{9D9502B0-75B1-4D4A-9855-15B1E280D2F9},,,,
-8570455.30873029,4705528.32582659,97,NbhNamesPt_65,Lincoln Park,http://NeighborhoodAction.dc.gov,Lincoln Park,2003/04/10 04:00:00+00,{F93D15FC-C066-433B-8D59-77CA93F2E09F},,,,
-8566111.02446956,4705357.57007648,98,NbhNamesPt_31,Fort Dupont,http://NeighborhoodAction.dc.gov,Fort Dupont,2003/04/10 04:00:00+00,{C12FAEBD-DE04-4664-8D7C-A742F1B2E46B},,,,
-8573862.45524333,4705214.5405878,99,NbhNamesPt_87,Southwest Employment Area,http://NeighborhoodAction.dc.gov,Southwest Employment Area,2003/04/10 04:00:00+00,{E0035859-7CFF-4629-BCD9-6E046CC86A3A},,,,
-8567168.15229758,4705181.78192873,100,NbhNamesPt_32,Greenway,http://NeighborhoodAction.dc.gov,Greenway,2003/04/10 04:00:00+00,{10709EA7-D367-47F1-8969-1A5064AC73F9},,,,
-8575756.84554127,4705135.38331411,101,NbhNamesPt_84,Monumental Core,http://NeighborhoodAction.dc.gov,Monumental Core,2003/04/10 04:00:00+00,{E0C76B0A-B581-4270-9348-F384AF21CA1C},,,,
-8563710.65714213,4705122.35405845,102,NbhNamesPt_127,Marshall Heights,http://NeighborhoodAction.dc.gov,Marshall Heights,2003/04/10 04:00:00+00,{CB100B38-4A9C-46B6-AEAE-62CDC49DAA91},,,,
-8571431.30571147,4705014.92839078,103,NbhNamesPt_11,Capitol Hill,http://NeighborhoodAction.dc.gov,Capitol Hill,2003/04/10 04:00:00+00,{1A69E410-008E-4DCB-B24A-0BB901699871},,,,
-8569368.9091858,4704973.34881142,104,NbhNamesPt_116,Hill East,http://NeighborhoodAction.dc.gov,Hill East,2003/04/10 04:00:00+00,{EAD8ABF4-B221-4418-A277-88FF3991C009},,,,
-8564721.54815738,4704663.24564031,105,NbhNamesPt_38,Benning Ridge,http://NeighborhoodAction.dc.gov,Benning Ridge,2003/04/10 04:00:00+00,{191D4BF9-BCA7-4C63-8DDC-78F2FFA6439E},,,,
-8571670.60014894,4704266.13252764,106,NbhNamesPt_10,Near Southeast,http://NeighborhoodAction.dc.gov,Near Southeast,2003/04/10 04:00:00+00,{3DC9BBD0-C850-49EF-BD2C-1BA557682FBC},,,,
-8573482.41893167,4704198.05118689,107,NbhNamesPt_88,Southwest/Waterfront,http://NeighborhoodAction.dc.gov,Southwest/Waterfront,2003/04/10 04:00:00+00,{06A15C1E-CF38-447D-A7C7-D211B88EEE1F},,,,
-8567242.32219718,4703866.24358048,108,NbhNamesPt_13,Twining,http://NeighborhoodAction.dc.gov,Twining,2003/04/10 04:00:00+00,{21B0B399-14E3-43A8-905B-7BE2CBBD088F},,,,
-8571429.54216634,4703677.57058269,109,NbhNamesPt_117,Navy Yard,http://NeighborhoodAction.dc.gov,Navy Yard,2003/04/10 04:00:00+00,{CF23BDBD-5F78-408B-87A2-1D25A22846A2},,,,
-8567461.75740678,4703443.35865959,110,NbhNamesPt_12,Dupont Park,http://NeighborhoodAction.dc.gov,Dupont Park,2003/04/10 04:00:00+00,{A9D5629F-BC76-4EBE-B33B-A022527649E3},,,,
-8566415.95943518,4703004.37364518,111,NbhNamesPt_16,Penn Branch,http://NeighborhoodAction.dc.gov,Penn Branch,2003/04/10 04:00:00+00,{5FC50944-07D1-4EBB-8ACA-4436E63D30C9},,,,
-8567794.06954682,4702972.27047921,112,NbhNamesPt_14,Randle Highlands,http://NeighborhoodAction.dc.gov,Randle Highlands,2003/04/10 04:00:00+00,{863873A5-68CB-4B41-866E-36A9C773C1A9},,,,
-8569090.73467967,4702946.94084804,113,NbhNamesPt_15,Fairlawn,http://NeighborhoodAction.dc.gov,Fairlawn,2003/04/10 04:00:00+00,{29EC3B6D-864A-4FFD-A6E4-CDD57C5BFBEE},,,,
-8565441.46590139,4702910.1525528,114,NbhNamesPt_128,Fort Davis Park,http://NeighborhoodAction.dc.gov,Fort Davis Park,2003/04/10 04:00:00+00,{4FE18591-F829-4010-A30B-AB7955BB63BC},,,,
-8572872.56514488,4702824.21404016,115,NbhNamesPt_89,Buzzard Point,http://NeighborhoodAction.dc.gov,Buzzard Point,2003/04/10 04:00:00+00,{D3D14DCC-AF49-4DF5-B616-B5A0CD1BCC4D},,,,
-8573430.67226951,4702630.22700288,116,NbhNamesPt_90,Fort McNair,http://NeighborhoodAction.dc.gov,Fort McNair,2003/04/10 04:00:00+00,{264581D1-8AA1-4A43-B5FB-3430C2043C00},,,,
-8566216.27415592,4702131.17091798,117,NbhNamesPt_129,Fairfax Village,http://NeighborhoodAction.dc.gov,Fairfax Village,2003/04/10 04:00:00+00,{8C9E51A2-2C96-45CC-96E9-59706EF2E2A3},,,,
-8569895.11295682,4702093.0035151,118,NbhNamesPt_18,Historic Anacostia,http://NeighborhoodAction.dc.gov,Historic Anacostia,2003/04/10 04:00:00+00,{8BF2509C-0036-48D0-BBE3-417EB8213EE2},,,,
-8567224.62666621,4701894.10987286,119,NbhNamesPt_130,Hillcrest,http://NeighborhoodAction.dc.gov,Hillcrest,2003/04/10 04:00:00+00,{677439AA-EFF2-40C8-8DFE-388141B22BA8},,,,
-8568450.78188224,4701675.73240753,120,NbhNamesPt_63,Skyland,http://NeighborhoodAction.dc.gov,Skyland,2003/04/10 04:00:00+00,{AAA4C297-46E4-4B6A-96EB-C49A293C2430},,,,
-8571298.05851303,4701531.1013996,121,NbhNamesPt_17,Barry Farm,http://NeighborhoodAction.dc.gov,Barry Farm,2003/04/10 04:00:00+00,{41D09CD7-5342-440F-BBF2-9DA5980C7300},,,,
-8570550.04943909,4701412.17585469,122,NbhNamesPt_37,Hillsdale,http://NeighborhoodAction.dc.gov,Hillsdale,2003/04/10 04:00:00+00,{B0FE57A2-93BB-4942-BD85-E7136BE21137},,,,
-8567487.09403303,4701169.30637872,123,NbhNamesPt_35,Naylor Gardens,http://NeighborhoodAction.dc.gov,Naylor Gardens,2003/04/10 04:00:00+00,{29E6FA1E-9955-4CAC-92D4-9CC9B209530B},,,,
-8568698.20373197,4701144.97769671,124,NbhNamesPt_8,Woodland,http://NeighborhoodAction.dc.gov,Woodland,2003/04/10 04:00:00+00,{4599B362-A0B3-4B74-BEC5-5E41285D91B5},,,,
-8569413.10798811,4701016.82006448,125,NbhNamesPt_1,Fort Stanton,http://NeighborhoodAction.dc.gov,Fort Stanton,2003/04/10 04:00:00+00,{259214DE-5F8F-4E61-8A68-E98CB725F6FD},,,,
-8568507.58542569,4700792.01817518,126,NbhNamesPt_9,Garfield Heights,http://NeighborhoodAction.dc.gov,Garfield Heights,2003/04/10 04:00:00+00,{3BDDDEC9-27D3-4ED3-8709-8978560D4D9A},,,,
-8568000.72282113,4700735.25890798,127,NbhNamesPt_5,Knox Hill/Buena Vista,http://NeighborhoodAction.dc.gov,Knox Hill/Buena Vista,2003/04/10 04:00:00+00,{B79E42F2-A528-47DB-9176-2B822609C7EC},,,,
-8569334.83494772,4699860.95114856,128,NbhNamesPt_7,Douglass,http://NeighborhoodAction.dc.gov,Douglass,2003/04/10 04:00:00+00,{B8F62990-9A83-4CDC-AD71-A961053F6443},,,,
-8568584.2936277,4699759.27905331,129,NbhNamesPt_6,Shipley,http://NeighborhoodAction.dc.gov,Shipley,2003/04/10 04:00:00+00,{6A62D7B4-D786-4052-A76E-61CB6F089069},,,,
-8571372.5780539,4698932.75827536,130,NbhNamesPt_2,Congress Heights,http://NeighborhoodAction.dc.gov,Congress Heights,2003/04/10 04:00:00+00,{96222C34-CE70-41CF-8AD9-C168015C5043},,,,
-8571115.01623726,4697383.62921219,131,NbhNamesPt_3,Washington Highlands,http://NeighborhoodAction.dc.gov,Washington Highlands,2003/04/10 04:00:00+00,{4694BB68-9515-4B1B-ACE7-974BD72D2EEE},,,,
-8572632.80739761,4696914.22011867,132,NbhNamesPt_4,Bellevue,http://NeighborhoodAction.dc.gov,Bellevue,2003/04/10 04:00:00+00,{1CAEF400-1C36-4CB7-B332-0DC9238B71B1},,,,
